{"pdf_metadata": 1.533161997795105, "font_spacing": 0.12261924892663956, "signature_region": 0.048188671469688416, "stamp_auth": 0.005504516419023275, "bank_statement": 0.0, "ela": 1.2668988704681396, "mantranet": 0.7585858106613159}